{"id": 1, "vector": [0.47018531103082006, 0.8846899415188002, 0.6552771357399094, 0.17838591312525875, 0.5844843514693996, 0.2693393097161403, 0.507452801435183, 0.708122908860456, 0.448860731761174, 0.15235068015060294, 0.321505849979128, 0.5464551273116439, 0.2408669517856047, 0.013412066664256761, 0.4244764895926858, 0.841876462050922, 0.18068020761203452, 0.044931750624073286, 0.7882373113531391, 0.6080433206429673, 0.6336955056462725, 0.6051539153109718, 0.023170344153434996, 0.8628949721473869, 0.5596360683632031, 0.887116122786894, 0.8533707553863569, 0.11837096281281767, 0.873827385602375, 0.48715216968242314, 0.4958389834958694, 0.2753927475528942, 0.2117555894665294, 0.6285621328321148, 0.7211784901700736, 0.31387411614977667, 0.4287570985241175, 0.28692591179092963, 0.0797877228243482, 0.01192956100266962, 0.08801384796090517, 0.9633924527535337, 0.2206742426433249, 0.4667519236390536, 0.3447169017557563, 0.853398219912507, 0.7506568681423154, 0.06217154120140944, 0.10438277785932659, 0.4325377635172811, 0.33703699823302813, 0.057296494966790346, 0.8576765429173763, 0.7279314407388474, 0.24839360275053346, 0.4075608030791712, 0.711614360160261, 0.002471324183896173, 0.32163190302182487, 0.590996785246844, 0.6744562740661083, 0.5648778978455418, 0.7318980436022288, 0.39728615599730244, 0.8220560800953933, 0.0021310400516011407, 0.9659828815858972, 0.23503206696257017, 0.5212949732398293, 0.9324993036597732, 0.9027200587377858, 0.01231307783681379, 0.004123805553672866, 0.4503422852554252, 0.871192243699452, 0.18314627234558045, 0.390593502052352, 0.6789726749429401, 0.8120337699150773, 0.13904779844310788, 0.9131443957990549, 0.22567747856357745, 0.7666737532718515, 0.337351256598336, 0.8388973396424735, 0.5083911503757936, 0.21855768214476512, 0.599437935877831, 0.966780725861114, 0.6821600352695062, 0.3730207483372927, 0.508976125781124, 0.18396737679828434, 0.7025873794560968, 0.7499477205647243, 0.30025947526725383, 0.00024061668763830646, 0.2707417652933055, 0.22516547156518552, 0.7038755345435779, 0.6288089558749352, 0.3058716853964173, 0.23834859652180074, 0.5283054676812982, 0.7857920888806522, 0.23798914816543704, 0.22971060289880396, 0.46535493432117325, 0.2439210127208008, 0.5095616894886595, 0.9340655502292198, 0.754095744297707, 0.8463912834082364, 0.8395025565358251, 0.7436270037759374, 0.06815703128773387, 0.5160751320531364, 0.7311111885659288, 0.2767780925183726, 0.9334893872164579, 0.1759100134916025, 0.2611846356399442, 0.20988701338415816, 0.4384681292299101, 0.7185099964565411, 0.49716274980783637, 0.2620921532856645, 0.7619384151471327], "metadata": {"test": "true"}}
